﻿{"cameraMode":{"drawMode":0,"name":"Shaded","section":"Shading Mode"},"sceneLighting":false,"audioPlay":false,"sceneViewState":{"showFog":true,"showMaterialUpdate":false,"showSkybox":false,"showFlares":true,"showImageEffects":true,"showParticleSystems":true},"in2DMode":false,"pivot":{"x":0.6005011200904846,"y":1.7756664752960206,"z":10.95175552368164},"rotation":{"x":0.020854903385043145,"y":-0.11670753359794617,"z":0.0024512186646461488,"w":0.9929443597793579},"size":5.019958972930908,"orthographic":false}